{
  "dataset_name": "Mumbai Real Estate Dataset",
  "min_lat": 17.494103,
  "max_lat": 19.5175313,
  "min_lon": 72.8033665,
  "max_lon": 78.3527499
}